security_requirement_id	threat	statement	owning_module	priority	scope	acceptance_method	related_requirement_ids	status
SEC-004-001	Malicious untrusted files	Quarantine imports and process them without macro script command or network execution.	MOD-SRC	MUST	V1	Malicious parser fixture and process-policy tests.	PR-004-006	CANDIDATE_UNIMPLEMENTED
SEC-004-002	Path traversal and links	Reject absolute parent device alternate-stream symlink and hardlink package entries after canonical normalization.	MOD-PLT	MUST	V1	Cross-platform traversal archive tests.	PR-004-006;PR-004-030	CANDIDATE_UNIMPLEMENTED
SEC-004-003	Archive bomb and source denial	Enforce file count size compression ratio nesting memory and time limits with cancellable ProcessingRuns.	MOD-PLT	MUST	V1	Limit boundary and cancellation tests.	PR-004-006;PR-004-028	CANDIDATE_UNIMPLEMENTED
SEC-004-004	MIME confusion	Compare declared type extension signature and parser result and quarantine mismatch.	MOD-SRC	MUST	V1	Polyglot and mismatch fixtures.	PR-004-006	CANDIDATE_UNIMPLEMENTED
SEC-004-005	Stored XSS	Render only encoded or allowlist-sanitized structured content under a restrictive content policy.	MOD-KNO	MUST	V1	Stored XSS payload tests and CSP inspection.	PR-004-010;PR-004-032	CANDIDATE_UNIMPLEMENTED
SEC-004-006	Unsafe Markdown HTML	Disable raw active HTML by default and use safe preview conversion or sandboxing.	MOD-KNO	MUST	V1	Markdown HTML sanitizer and preview isolation tests.	PR-004-010	CANDIDATE_UNIMPLEMENTED
SEC-004-007	Command display becomes execution	Provide no host process shell or device execution service from content or simulation controls.	MOD-SIM	MUST	V1	Architecture scan and interaction tests with command strings.	PR-004-040;PR-004-043	CANDIDATE_UNIMPLEMENTED
SEC-004-008	Source leakage	Authorize source access server-side and exclude source bodies tokens and secrets from logs and default exports.	MOD-SRC	MUST	V1	Negative access log and export-scope tests.	PR-004-005;PR-004-029	CANDIDATE_UNIMPLEMENTED
SEC-004-009	Manual AI export scope error	Show itemized bytes sensitivity and redaction before confirmation and hash exactly the confirmed scope.	MOD-AIB	MUST	V1	Export preview versus manifest comparison.	PR-004-022;PR-004-030	CANDIDATE_UNIMPLEMENTED
SEC-004-010	Tampered import package	Verify version manifest file set sizes hashes and package digest before parsing proposals.	MOD-AIB	MUST	V1	Missing extra altered and duplicate entry tests.	PR-004-022;PR-004-030	CANDIDATE_UNIMPLEMENTED
SEC-004-011	Provenance forgery	Resolve every cited entity revision digest and anchor and reject mismatch.	MOD-AIB	MUST	V1	Forged citation and stale revision tests.	PR-004-007;PR-004-022	CANDIDATE_UNIMPLEMENTED
SEC-004-012	Application authorization bypass	Enforce owner policy on every mutation independent of client UI and simulated role.	MOD-IAM	MUST	V1	Route service and direct-command negative tests.	PR-004-003;PR-004-004	CANDIDATE_UNIMPLEMENTED
SEC-004-013	Simulation real-world confusion	Prohibit real connectors and require simulated labels on output evidence and portfolio views.	MOD-SIM	MUST	V1	Dependency scan schema constraints and UI text review.	PR-004-014;PR-004-043	CANDIDATE_UNIMPLEMENTED
SEC-004-014	Evidence tampering	Bind immutable evidence bytes to digest origin producer attempt run transition and append-only decisions.	MOD-EVD	MUST	V1	Mutation digest and orphan-link tests.	PR-004-014;PR-004-032	CANDIDATE_UNIMPLEMENTED
SEC-004-015	Revision history loss	Reject in-place published changes and require transactional new revision publication and verified backup.	MOD-KNO	MUST	V1	Concurrent mutation restoration and failure-injection tests.	PR-004-009;PR-004-031	CANDIDATE_UNIMPLEMENTED
SEC-004-016	Sensitive logs	Use structured allowlists redaction and correlation IDs without credentials source bodies or unbounded payloads.	MOD-PLT	MUST	V1	Secret fixture and log snapshot tests.	PR-004-029;PR-004-032	CANDIDATE_UNIMPLEMENTED
SEC-004-017	Secrets exposure	Keep secrets outside source records packages audit and backups by default and fail on missing release secrets.	MOD-PLT	MUST	V1	Secret scan backup inspection and configuration tests.	PR-004-031;PR-004-032	CANDIDATE_UNIMPLEMENTED
SEC-004-018	Dependency compromise	Select supported compatible versions lock dependencies minimize packages and review known vulnerabilities.	MOD-PLT	MUST	V1	Lockfile SBOM and vulnerability review.	PR-004-025;PR-004-039	CANDIDATE_UNIMPLEMENTED
SEC-004-019	Backup exposure	Use explicit destination restrictive access manifest and approved encryption decision without default secrets.	MOD-PLT	MUST	V1	Permissions package inspection and tamper tests.	PR-004-031	CANDIDATE_UNIMPLEMENTED
SEC-004-020	Local service exposure	Bind to loopback by default and require owner authentication; remote mode shall fail closed until separately approved.	MOD-PLT	MUST	V1	Socket bind firewall profile and unauthenticated request tests.	PR-004-003;PR-004-023	CANDIDATE_UNIMPLEMENTED
SEC-004-021	CSRF session fixation and theft	Use CSRF validation session rotation SameSite HttpOnly Secure where applicable expiry and revocation.	MOD-IAM	MUST	V1	Framework session and CSRF security tests.	PR-004-003	CANDIDATE_UNIMPLEMENTED
SEC-004-022	Password guessing	Use modern adaptive password hashing rate limiting backoff and no plaintext persistence or logging.	MOD-IAM	MUST	V1	Hash configuration rate and log tests.	PR-004-003	CANDIDATE_UNIMPLEMENTED
SEC-004-023	Database corruption	Use constraints transactions optimistic concurrency blob-digest checks and staged restore verification.	MOD-PLT	MUST	V1	Failure injection constraint and recovery tests.	PR-004-026;PR-004-031	CANDIDATE_UNIMPLEMENTED
SEC-004-024	Audit gaps or tampering	Record important actions atomically through append-only audit and detect correlation or sequence gaps.	MOD-PLT	MUST	V1	Coverage atomic rollback and gap-detector tests.	PR-004-029	CANDIDATE_UNIMPLEMENTED
SEC-004-025	Queue replay and duplicate processing	Use idempotency leases bounded retries input revision digests and terminal failure visibility.	MOD-PLT	MUST	V1	Duplicate delivery timeout stale input and retry tests.	PR-004-028	CANDIDATE_UNIMPLEMENTED
SEC-004-026	Unsafe file preview	Serve converted or sandboxed previews with safe content type attachment policy and no active content.	MOD-SRC	MUST	V1	Preview headers sandbox and active-content fixtures.	PR-004-006;PR-004-032	CANDIDATE_UNIMPLEMENTED
SEC-004-027	Development bypass in release	Any development auth bypass shall be off by default visible audited and rejected in release configuration.	MOD-IAM	MUST	V1	Release configuration and banner audit tests.	PR-004-041	CANDIDATE_UNIMPLEMENTED

