workflow_id	workflow_name	owning_module	participating_modules	trigger	preconditions	terminal_outcomes	audit_requirement	v1_scope	vs001_participation	status
WF-004-001	Owner authentication	MOD-IAM	MOD-IAM;MOD-PLT	Owner submits credentials	Owner exists and release bypass is disabled	AUTHENTICATED;REJECTED;RATE_LIMITED	Every success failure rotation and sign-out	V1	Protects all slice actions	CANDIDATE
WF-004-002	Source registration and custody	MOD-SRC	MOD-SRC;MOD-PLT;MOD-IAM	Owner selects authorized file	Visible scope and authorization acknowledgement	CUSTODY_COMMITTED;QUARANTINED_REJECTED	Source digest path-safe outcome and actor	V1	Registers selected VS-001 evidence	CANDIDATE
WF-004-003	Extraction and segmentation	MOD-SRC	MOD-SRC;MOD-PLT	Custody source requests extraction	Source digest valid and parser policy available	EXTRACTED;PARTIAL_WITH_WARNINGS;FAILED	Tool version input output digests warnings	V1	Produces stable VS-001 anchors	CANDIDATE
WF-004-004	Authority and claim review	MOD-SRC	MOD-SRC;MOD-KNO;MOD-IAM	Reviewer opens extracted evidence	Segments and provenance resolve	REVIEWED;DEFERRED;CONFLICT_RECORDED	Decision evidence scope and limitations	V1	Preserves target-version and primary-authority blockers	CANDIDATE
WF-004-005	Knowledge publication	MOD-KNO	MOD-KNO;MOD-SRC;MOD-PLT;MOD-IAM	Reviewer requests publication	Valid draft citations authority review and impact assessment	PUBLISHED;REJECTED;BLOCKED	Revision review actor and impact	V1	Publishes bounded KU knowledge only after blockers	CANDIDATE
WF-004-006	Lesson structured editing and publication	MOD-KNO	MOD-KNO;MOD-CUR;MOD-PLT;MOD-IAM	Owner edits lesson in context	Published base or new draft and block registry available	DRAFT_SAVED;PUBLISHED;REJECTED	Block diff provenance and decision	V1	Creates draft versus published KU-AD-02 lesson	CANDIDATE
WF-004-007	Daily queue selection	MOD-LRN	MOD-LRN;MOD-CUR;MOD-KNO;MOD-PLT	Owner opens daily workspace	Goals prerequisites attempts mastery and reviews available	QUEUE_PRESENTED;NO_ELIGIBLE_ITEM	Ranking reason and configuration revision	V1	Selects VS-001 lesson practice or review	CANDIDATE
WF-004-008	Micro practice attempt	MOD-LRN	MOD-LRN;MOD-CUR;MOD-EVD	Owner starts practice	Eligible KU and current definition	COMPLETED;FAILED;ABANDONED	Inputs outcome and evidence links	V1	Exercises access decision reasoning	CANDIDATE
WF-004-009	Scenario authoring and publication	MOD-SIM	MOD-SIM;MOD-ENT;MOD-CUR;MOD-PLT;MOD-IAM	Owner creates or edits scenario	Referenced baseline catalog and rule schemas available	DRAFT_SAVED;PUBLISHED;BLOCKED	Graph diff validations and reviewer	V1	Authors VS-001 decision scenario	CANDIDATE
WF-004-010	Scenario package round trip	MOD-SIM	MOD-SIM;MOD-PLT	Owner exports or imports package	Published or draft scenario and package policy	EXPORTED;IMPORTED_AS_DRAFT;REJECTED	Manifest digests schema and actor	V1	Portable VS-001 scenario definition	CANDIDATE
WF-004-011	Start isolated Scenario Run	MOD-SIM	MOD-SIM;MOD-ENT;MOD-IAM;MOD-PLT	Owner starts lab	Published scenario and baseline revisions resolve	RUN_STARTED;BLOCKED	Snapshot revisions digests seed actor	V1	Creates authorization run snapshot	CANDIDATE
WF-004-012	Apply simulated action	MOD-SIM	MOD-SIM;MOD-ENT;MOD-EVD;MOD-PLT	Owner submits simulated action	Active Run identity device rule set and state resolve	APPLIED;DENIED_PERMISSION;INVALID_SYNTAX;INVALID_PARAMETER;UNSUPPORTED_STATE;INSUFFICIENT_STATE;NO_STATE_CHANGE	Input rules trace and state digests	V1	Evaluates requested access and ACE trace	CANDIDATE
WF-004-013	Reset and replay Run	MOD-SIM	MOD-SIM;MOD-PLT	Owner resets or requests replay	Run snapshot and ordered inputs retained	RESET;REPLAY_MATCH;REPLAY_MISMATCH	Epoch seed input sequence and trace comparison	V1	Proves deterministic VS-001 behavior	CANDIDATE
WF-004-014	Evidence registration and decision	MOD-EVD	MOD-EVD;MOD-SIM;MOD-LRN;MOD-IAM;MOD-PLT	Attempt or Run produces evidence	Origin producer criteria and digest resolve	ACCEPTED;REJECTED;NEEDS_REVIEW	Origin digest criteria decision and actor	V1	Records SIMULATED access trace	CANDIDATE
WF-004-015	Mastery evaluation	MOD-LRN	MOD-LRN;MOD-EVD;MOD-CUR;MOD-PLT	Evidence decision changes or review due	Rule-set revision and eligible evidence resolve	STATE_ADVANCED;STATE_HELD;STATE_REGRESSED;REVIEW_REQUIRED	Rule inputs result and rationale	V1	Evaluates positive negative and retention evidence	CANDIDATE
WF-004-016	Failure-based review scheduling	MOD-LRN	MOD-LRN;MOD-KNO;MOD-CUR;MOD-PLT	Attempt mastery or retention failure occurs	Specific failed concept action or evidence gap recorded	REVIEW_SCHEDULED;BLOCKED_BY_PREREQUISITE	Trigger cause due policy and links	V1	Schedules missed ACE mask provenance or unresolved-state review	CANDIDATE
WF-004-017	Manual AI package export	MOD-AIB	MOD-AIB;MOD-SRC;MOD-KNO;MOD-PLT;MOD-IAM	Owner confirms visible export scope	Selected revisions redaction and requested schema validate	EXPORTED;REJECTED	Exact files digests scope and actor	V1	Optional bounded proposal package only	CANDIDATE
WF-004-018	Manual AI result import and review	MOD-AIB	MOD-AIB;MOD-SRC;MOD-KNO;MOD-CUR;MOD-PLT;MOD-IAM	Owner imports manually processed result	Matching package revision exists	STRUCTURAL_VALIDATION_FAILED;PROVENANCE_VALIDATION_FAILED;AWAITING_HUMAN_REVIEW;PARTIALLY_ACCEPTED;ACCEPTED;REJECTED	Import digest validations diff decisions resulting drafts	V1	Cannot establish Windows authority or auto-publish	CANDIDATE
WF-004-019	Backup creation and verification	MOD-PLT	ALL	Owner requests backup	Consistent database and blob snapshot available	BACKUP_VERIFIED;FAILED	Scope versions manifest hashes and destination	V1	Preserves slice records	CANDIDATE
WF-004-020	Staged restore	MOD-PLT	ALL	Owner selects backup for restore	Package manifest and access checks pass	STAGED_VERIFIED;ACTIVATED;ABANDONED;FAILED	Every validation activation and rollback decision	V1	Restores slice data without silent overwrite	CANDIDATE

